id,name,district,status,image_file,also_used_by
"dhaka--haji-biryani","Haji Biryani","dhaka","unique","1280px-Biryani_shop_20181010_111404.jpg",""
"dhaka--bakarkhani","Bakarkhani","dhaka","unique","1280px-Bakarkhani_at_puran_dhaka_3.jpg",""
"dhaka--chotpoti-fuchka","Chotpoti & Fuchka","dhaka","unique","1280px-Chotpoti.jpg",""
"gazipur--gazipur-pineapple","Gazipur Pineapple","gazipur","unique","1280px-Pineapple_Seller.jpg",""
"narayanganj--sonargaon-mishti","Sonargaon Mishti","narayanganj","shared","1280px-Jalebi_03.jpg","Mango Pulp (Aam Shotto)"
"narsingdi--narsingdi-lychee","Narsingdi Lychee","narsingdi","unique","1280px-Lychee-fruits-bunch.jpg",""
"manikganj--river-fish-curry","River Fish Curry","manikganj","shared","1280px-Hilsha_fish_fry_and_eggplant_fry_from_Mawa_ghat_beside_Padma_river_in_Bangladesh.jpg","Padma Fish Fry / Fresh River Fish Curry / Jamuna River Fish / Kushtia Padma Fish Fry / Padma Fish Fry"
"munshiganj--munshiganj-potatoes","Munshiganj Potatoes","munshiganj","unique","1280px-Bangladeshi_Cuisine_Puri.jpg",""
"tangail--porabari-chomchom","Porabari Chomchom","tangail","shared","1280px-Chomchom_01.jpg","Natore Chomchom"
"kishoreganj--haor-fish-curry","Haor Fish Curry","kishoreganj","unique","1280px-Fish_Egg_Curry.jpg",""
"faridpur--date-palm-jaggery-khejur-gur","Date-Palm Jaggery (Khejur Gur)","faridpur","unique","1280px-Jaggery_palm_fruit.jpg",""
"gopalganj--gopalganj-chhana-mishti","Gopalganj Chhana Mishti","gopalganj","shared","1280px-Kheer_Toast_-_Bangladeshi_Sweets_from_Banoful.jpg","Bogura Roshomalai"
"madaripur--mustard-hilsa-shorshe-ilish","Mustard Hilsa (Shorshe Ilish)","madaripur","shared","1280px-Hilsa_Ilisha_Fry.jpg","Jhalakathi Ilish"
"rajbari--padma-fish-fry","Padma Fish Fry","rajbari","shared","1280px-Hilsha_fish_fry_and_eggplant_fry_from_Mawa_ghat_beside_Padma_river_in_Bangladesh.jpg","River Fish Curry / Fresh River Fish Curry / Jamuna River Fish / Kushtia Padma Fish Fry"
"shariatpur--padma-hilsa","Padma Hilsa","shariatpur","unique","1280px-Hilsa_Fry.jpg",""
"chattogram--mezbani-beef","Mezbani Beef","chattogram","shared","1280px-Bengali_Beef_curry.jpg","Beef Bhuna (Joypurhat)"
"chattogram--kala-bhuna","Kala Bhuna","chattogram","shared","1280px-Kala_bhuna_1.jpg","Rangpur Bhuna Khichuri / Koi Maach Bhuna / Magura Bhuna Khichuri"
"chattogram--chaatgaiya-shutki","Chaatgaiya Shutki","chattogram","shared","1280px-Shutki_maach.jpg","Shutki Bhuna / Shutki Bhuna (Lakshmipur) / Haor Shutki / Netrakona Shutki / Shutki Bhorta / Shutki Bhuna (Chattogram)"
"coxs-bazar--dried-fish-shutki","Dried Fish (Shutki)","coxs-bazar","unique","1280px-Traditional_Dried_Fish.jpg",""
"coxs-bazar--grilled-seafood-platter","Grilled Seafood Platter","coxs-bazar","unique","1280px-Pomfret_Fry_1.jpg",""
"coxs-bazar--crab-masala","Crab Masala","coxs-bazar","unique","1280px-Pomfret_Rawa_Fry.jpg",""
"bandarban--bamboo-chicken","Bamboo Chicken","bandarban","unique","1280px-Bamboo_steamed_rice_with_rib_pork_and_chicken_paws_at_Chinese_restaurant_in_Tsuen_Wan.jpg",""
"bandarban--hill-pajon","Hill Pajon","bandarban","unique","1280px-Tribal_food_05.jpg",""
"rangamati--kaptai-lake-fish","Kaptai Lake Fish","rangamati","unique","1280px-Rice_and_fish_curry.jpg",""
"rangamati--bamboo-chicken","Bamboo Chicken","rangamati","unique","1280px-Best_Bamboo_Chicken.jpg",""
"khagrachhari--bamboo-shoot-curry","Bamboo Shoot Curry","khagrachhari","unique","1280px-Bamboo_chicken_of_Chang_Pang_Restaurant.jpg",""
"feni--feni-chitoi-pitha","Feni Chitoi Pitha","feni","shared","1280px-Chitoi_Pitha.jpg","Mymensingh Pitha"
"noakhali--hatiya-buffalo-doi","Hatiya Buffalo Doi","noakhali","shared","1280px-Bhapa_Doi.JPG","Magura Doi"
"lakshmipur--meghna-hilsa","Meghna Hilsa","lakshmipur","shared","1280px-Hilsa_Ilisha_Fish.jpg","Ilish Pulao"
"chandpur--chandpur-hilsa","Chandpur Hilsa","chandpur","unique","1280px-Hilsa_fishes.jpg",""
"cumilla--cumilla-rasmalai","Cumilla Rasmalai","cumilla","missing","",""
"cumilla--khadi-fabric-sweets","Khadi Fabric & Sweets","cumilla","shared","1280px-Jelly_Pera_-_Bangladeshi_Sweets_from_Banoful.jpg","Sirajganj Mishti"
"brahmanbaria--fresh-river-fish-curry","Fresh River Fish Curry","brahmanbaria","shared","1280px-Hilsha_fish_fry_and_eggplant_fry_from_Mawa_ghat_beside_Padma_river_in_Bangladesh.jpg","River Fish Curry / Padma Fish Fry / Jamuna River Fish / Kushtia Padma Fish Fry / Padma Fish Fry"
"sylhet--shatkora-beef","Shatkora Beef","sylhet","shared","1280px-Bengali_home_made_beef_curry_and_rice_flour_roti.jpg","Chuadanga Beef Bhuna"
"sylhet--akhni-pulao","Akhni Pulao","sylhet","unique","1280px-Kacchi_Dum_Biryani.JPG",""
"moulvibazar--seven-layer-tea","Seven-Layer Tea","moulvibazar","unique","1280px-Seven_Layers_Tea_(01).jpg",""
"moulvibazar--srimangal-pineapple","Srimangal Pineapple","moulvibazar","unique","1280px-Pineapple_of_Modhupur_484.jpg",""
"habiganj--habiganj-shatkora-curry","Habiganj Shatkora Curry","habiganj","unique","1280px-Fish_fry_1.jpg",""
"sunamganj--haor-fish","Haor Fish","sunamganj","unique","1280px-Fish_Fries_by_Nasir_Khan.jpg",""
"rajshahi--himsagar-mango","Himsagar Mango","rajshahi","unique","1280px-Green_mango_@BRRI.JPG",""
"natore--natore-kacha-golla","Natore Kacha Golla","natore","shared","1280px-Monsur_-_Bangladeshi_Sweets_from_Banoful.jpg","Narail Chhana Sweet (Roshogolla)"
"chapai-nawabganj--langra-mango","Langra Mango","chapai-nawabganj","unique","1280px-Mango_Bangladesh_1.jpg",""
"naogaon--naogaon-rice-pitha","Naogaon Rice Pitha","naogaon","shared","1280px-Traditional_Pitha_at_Pitha_fest_2024_52.jpg","Netrakona Pitha"
"pabna--pabna-ghee","Pabna Ghee","pabna","unique","1280px-Pure_Ghee-Homemade-Maharashtra.jpg",""
"bogura--bogura-doi","Bogura Doi","bogura","unique","1280px-Bogurar_doi.jpg",""
"bogura--bogura-mishti","Bogura Mishti","bogura","unique","1280px-Moti_Laddu_-_Bangladeshi_Sweets_from_Banoful.jpg",""
"joypurhat--joypurhat-rice-pitha","Joypurhat Rice Pitha","joypurhat","shared","1280px-Traditional_Pitha_at_Pitha_fest_2024_51.jpg","Bhola Pitha"
"sirajganj--jamuna-river-fish","Jamuna River Fish","sirajganj","shared","1280px-Hilsha_fish_fry_and_eggplant_fry_from_Mawa_ghat_beside_Padma_river_in_Bangladesh.jpg","River Fish Curry / Padma Fish Fry / Fresh River Fish Curry / Kushtia Padma Fish Fry / Padma Fish Fry"
"khulna--chitrangi-fish-fry","Chitrangi Fish Fry","khulna","shared","1280px-Rohu_fish_curry_('Rui_maach'_in_Bengali).JPG","Shorshe Maach / Boal Maach"
"bagerhat--bagda-chingri-prawn","Bagda Chingri (Prawn)","bagerhat","unique","1280px-Bangladeshi_Prawn_Curry.jpg",""
"satkhira--bagda-prawn-malaikari","Bagda Prawn Malaikari","satkhira","unique","1280px-Bottle_gourd-Prawn_curry.jpg",""
"jashore--date-palm-sap-khejur-rosh","Date-Palm Sap (Khejur Rosh)","jashore","unique","1280px-Nargun_date_palm_garden.jpg",""
"jhenaidah--khejur-gur","Khejur Gur","jhenaidah","unique","1280px-Lunch_with_khejur_gur_kheer.JPG",""
"magura--magura-pitha","Magura Pitha","magura","shared","1280px-Traditional_Pitha_at_Pitha_fest_2024_54.jpg","Thakurgaon Pitha"
"narail--narail-chhana-sweet","Narail Chhana Sweet","narail","unique","1280px-Ovaltin_Pera_-_Bangladeshi_Sweets_from_Banoful.jpg",""
"chuadanga--chuadanga-rice-snacks","Chuadanga Rice Snacks","chuadanga","unique","1280px-Bengali_Food_Fish_and_Rice_(মাছে-ভাতে_বাঙ্গালী_খাবার).jpg",""
"kushtia--kushtia-tilkuta","Kushtia Tilkuta","kushtia","unique","1280px-Sada_Pera_-_Bangladeshi_Sweets_from_Banoful.jpg",""
"meherpur--meherpur-fish-fry","Meherpur Fish Fry","meherpur","unique","1280px-Rohu_fish_from_a_Bangladeshi_bazar.jpg",""
"barishal--hilsa-with-panta-bhat","Hilsa with Panta Bhat","barishal","unique","1280px-Hilsa_fishes_of_Padma_river.jpg",""
"bhola--bhola-buffalo-milk-doi","Bhola Buffalo Milk Doi","bhola","shared","1280px-Famous_Curd_of_Bogra_Bangladesh.jpg","Kushtia Lassi"
"barguna--barguna-coconut-sweets","Barguna Coconut Sweets","barguna","unique","1280px-Trophy_-_Bangladeshi_Sweets_from_Banoful.jpg",""
"jhalakathi--jhalakathi-guava","Jhalakathi Guava","jhalakathi","unique","1280px-Pieces_of_Guava_(10428362325).jpg",""
"patuakhali--kuakata-seafood","Kuakata Seafood","patuakhali","shared","1280px-Loitta_fish_fry_from_Poushi_restaurant_Cox’s_Bazar_Bangladesh.jpg","Loitta Fry"
"pirojpur--pirojpur-guava","Pirojpur Guava","pirojpur","unique","1280px-Bhimruli_Floating_Guava_Market,_Jhalokathi_(2).jpg",""
"rangpur--rangpur-shatkora-beef","Rangpur Shatkora Beef","rangpur","shared","1280px-Kichuri_with_egg_and_beef_curry.jpg","Meherpur Beef Curry"
"dinajpur--katarivog-rice-beef","Katarivog Rice & Beef","dinajpur","shared","1280px-Beef_curry_with_potato.jpg","Rangpur Beef Bhuna"
"thakurgaon--thakurgaon-khichuri","Thakurgaon Khichuri","thakurgaon","unique","1280px-Bhuna_khichuri_at_Star_Kabab.jpg",""
"panchagarh--panchagarh-tea","Panchagarh Tea","panchagarh","unique","1280px-Orange_Tea_of_Bangladesh.jpg",""
"nilphamari--nilphamari-pitha","Nilphamari Pitha","nilphamari","shared","1280px-Traditional_Pitha_at_Pitha_fest_2024_56.jpg","Lalmonirhat Pitha"
"lalmonirhat--lalmonirhat-fish-curry","Lalmonirhat Fish Curry","lalmonirhat","unique","1280px-Fish_curry_with_green_leaves_01.jpg",""
"kurigram--kurigram-pitha","Kurigram Pitha","kurigram","shared","1280px-Traditional_Pitha_seller_at_Pitha_fest_2024_57.jpg","Narkel Pitha"
"gaibandha--gaibandha-fish-curry","Gaibandha Fish Curry","gaibandha","unique","1280px-Fish_curry_with_green_leaves_02.jpg",""
"mymensingh--mymensingh-muktagachha-monda","Mymensingh Muktagachha Monda","mymensingh","unique","1280px-Kadom_Laddu_-_Bangladeshi_Sweets_from_Banoful.jpg",""
"jamalpur--jamalpur-pitha","Jamalpur Pitha","jamalpur","shared","1280px-Traditional_Pitha_at_Pitha_fest_2024_93.jpg","Bhapa Pitha (Shariatpur)"
"netrakona--netrakona-haor-fish","Netrakona Haor Fish","netrakona","unique","1280px-Fish_curry_and_chicken_roast_in_a_table.jpg",""
"sherpur--sherpur-pitha","Sherpur Pitha","sherpur","shared","1280px-Traditional_Pitha_at_Pitha_fest_2024_94.jpg","Hill Banana Pitha"
"dhaka--dhakaiya-kacchi-biryani","Dhakaiya Kacchi Biryani","dhaka","unique","1280px-Kacchi_Biryani.jpg",""
"dhaka--borhani","Borhani","dhaka","unique","1280px-A_Glass_of_Borhani.jpg",""
"dhaka--old-dhaka-jilapi","Old Dhaka Jilapi","dhaka","unique","1280px-Sweets_from_Dhaka.jpg",""
"gazipur--jackfruit-kathal","Jackfruit (Kathal)","gazipur","unique","1280px-Jackfruit_bud_of_Bangladesh_04.jpg",""
"gazipur--bhorta-platter","Bhorta Platter","gazipur","unique","1280px-Homemade_Egg_Bhorta.jpg",""
"narayanganj--fried-hilsa-ilish-bhaja","Fried Hilsa (Ilish Bhaja)","narayanganj","shared","1280px-Shoshe_Ilish.jpeg","Ilish Pulao (Madaripur)"
"narayanganj--shorshe-bata-maach","Shorshe Bata Maach","narayanganj","unique","1280px-Bengali_bata_fish_curry.jpg",""
"narsingdi--mishti-doi","Mishti Doi","narsingdi","unique","1280px-Mishti_doi.jpg",""
"narsingdi--narsingdi-jilapi","Narsingdi Jilapi","narsingdi","unique","1280px-Jilapi_MA22.jpg",""
"manikganj--pabda-fish-curry","Pabda Fish Curry","manikganj","unique","1280px-Butterfish_(Pabda).jpg",""
"manikganj--bhapa-pitha","Bhapa Pitha","manikganj","shared","1280px-Traditional_Pitha_at_Pitha_fest_2024_96.jpg","Sticky Rice Pitha"
"munshiganj--rui-fish-jhol","Rui Fish Jhol","munshiganj","shared","1280px-Traditional_fish_curry_(Macher_Jhol).jpg","Rui Jhol"
"munshiganj--patishapta","Patishapta","munshiganj","shared","1280px-Bhapa_pitha_seller_at_dhaka_4.jpg","Pitha (Lakshmipur)"
"tangail--tangail-mishti-doi","Tangail Mishti Doi","tangail","unique","1280px-Bengalis'_favourite_-_mishti_doi.jpg",""
"tangail--chitoi-pitha","Chitoi Pitha","tangail","shared","1280px-Bhapa_pitha_seller_at_dhaka_5.jpg","Rice Pitha (Natore)"
"kishoreganj--shutki-bhuna","Shutki Bhuna","kishoreganj","shared","1280px-Shutki_maach.jpg","Chaatgaiya Shutki / Shutki Bhuna (Lakshmipur) / Haor Shutki / Netrakona Shutki / Shutki Bhorta / Shutki Bhuna (Chattogram)"
"kishoreganj--doi-chira","Doi-Chira","kishoreganj","shared","1280px-Doi_chira_Bangladesh.jpg","Doi-Chira (Rajbari)"
"faridpur--khejur-gurer-payesh","Khejur Gurer Payesh","faridpur","shared","1280px-Payesh.jpg","Patali Gur Payesh / Payesh / Meherpur Payesh / Lalmonirhat Payesh"
"faridpur--ilish-bhapa","Ilish Bhapa","faridpur","shared","1280px-Sorse_posto_ilish_mach-MB05.jpg","Ilish Pulao (Chandpur)"
"gopalganj--koi-fish-bhuna","Koi Fish Bhuna","gopalganj","shared","1280px-Kala_bhuna_2.jpg","Muri Bhuna / Fish Bhuna"
"gopalganj--patishapta-gopalganj","Patishapta (Gopalganj)","gopalganj","shared","1280px-Bhapa_pitha_seller_at_dhaka_7.jpg","Bagerhat Pitha"
"madaripur--bhapa-ilish-madaripur","Bhapa Ilish (Madaripur)","madaripur","shared","1280px-Kumro_Patay_Ilish_Vapa.jpg","Shorshe Ilish (Chandpur)"
"madaripur--chitoi-pitha-madaripur","Chitoi Pitha (Madaripur)","madaripur","shared","1280px-Bhapa_pitha_seller_at_dhaka_8.jpg","Jashore Bhapa Pitha"
"rajbari--ilish-bhapa-rajbari","Ilish Bhapa (Rajbari)","rajbari","shared","1280px-Kacha_moriche_Ilish_vaja.jpg","Barguna Ilish"
"rajbari--doi-chira-rajbari","Doi-Chira (Rajbari)","rajbari","shared","1280px-Doi_chira_Bangladesh.jpg","Doi-Chira"
"shariatpur--shorshe-ilish-shariatpur","Shorshe Ilish (Shariatpur)","shariatpur","shared","1280px-Ilish_Bhapa.jpg","Pirojpur Ilish Bhaja"
"shariatpur--tengra-fish-curry","Tengra Fish Curry","shariatpur","unique","1280px-Fish_curry_in_a_table.jpg",""
"chattogram--karnaphuli-hilsa","Karnaphuli Hilsa","chattogram","unique","1280px-Hilsa_Fish_in_Dhaka-2.jpg",""
"chattogram--chitoi-pitha-chattogram","Chitoi Pitha (Chattogram)","chattogram","shared","1280px-Bhapa_pitha_seller_at_dhaka_12.jpg","Jhenaidah Chitoi Pitha"
"coxs-bazar--pomfret-fry-rupchanda","Pomfret Fry (Rupchanda)","coxs-bazar","unique","1280px-Pomfret_fry_from_Cox’s_Bazar_Bangladesh.jpg",""
"coxs-bazar--loitta-fry","Loitta Fry","coxs-bazar","shared","1280px-Loitta_fish_fry_from_Poushi_restaurant_Cox’s_Bazar_Bangladesh.jpg","Kuakata Seafood"
"bandarban--hill-pineapple","Hill Pineapple","bandarban","unique","1280px-Pineapple_of_Modhupur_490.jpg",""
"bandarban--bamboo-rice","Bamboo Rice","bandarban","unique","1280px-Bamboo_Biriany_and_Chicken_BBQ.jpg",""
"rangamati--hill-pineapple-rangamati","Hill Pineapple (Rangamati)","rangamati","unique","1280px-Pineapple_of_Modhupur_526.jpg",""
"rangamati--pitha-in-banana-leaf","Pitha in Banana Leaf","rangamati","shared","1280px-Bhapa_pitha_seller_at_dhaka_13.jpg","Date Jaggery Pitha"
"khagrachhari--hill-pineapple-khagrachhari","Hill Pineapple (Khagrachhari)","khagrachhari","unique","1280px-Pineapple_of_Modhupur_551.jpg",""
"khagrachhari--bamboo-chicken-khagrachhari","Bamboo Chicken (Khagrachhari)","khagrachhari","unique","1280px-Bamboo_Chicken.JPG",""
"feni--patishapta-feni","Patishapta (Feni)","feni","shared","1280px-Nakshi_Pitha_and_Murir_Moa.jpg","Jhalakathi Pitha"
"feni--narkel-pitha","Narkel Pitha","feni","shared","1280px-Chitoi_Pitha_with_Vorta_(_চিতই_পিঠা_).jpg","Dinajpur Bhapa Pitha"
"noakhali--nakshi-pitha","Nakshi Pitha","noakhali","shared","1280px-Bhapa_Pitha_ভাপা_পিঠা.jpg","Jamalpur Pitha (Bhapa)"
"noakhali--hilsa-bhapa-noakhali","Hilsa Bhapa (Noakhali)","noakhali","unique","1280px-Hilsa_Fish_in_Dhaka.jpg",""
"lakshmipur--narkel-naru","Narkel Naru","lakshmipur","unique","1280px-Rasgulla_Sweet.JPG",""
"lakshmipur--shutki-bhuna-lakshmipur","Shutki Bhuna (Lakshmipur)","lakshmipur","shared","1280px-Shutki_maach.jpg","Chaatgaiya Shutki / Shutki Bhuna / Haor Shutki / Netrakona Shutki / Shutki Bhorta / Shutki Bhuna (Chattogram)"
"chandpur--ilish-bhapa-chandpur","Ilish Bhapa (Chandpur)","chandpur","unique","1280px-Homemade_Sorshe_Ilish_from_Bangladesh.jpg",""
"chandpur--ilish-paturi","Ilish Paturi","chandpur","unique","1280px-Ilish_diye_kochushak.jpg",""
"cumilla--ilish-bhaja-cumilla","Ilish Bhaja (Cumilla)","cumilla","unique","1280px-Ilish_fish_curry_in_Bangladesh_.jpg",""
"cumilla--dal-puri","Dal Puri","cumilla","unique","1280px-Puri_Chutni.JPG",""
"brahmanbaria--dal-puri-brahmanbaria","Dal Puri (Brahmanbaria)","brahmanbaria","unique","1280px-Dalpuri_with_matar_panir.JPG",""
"brahmanbaria--shorshe-maach","Shorshe Maach","brahmanbaria","shared","1280px-Rohu_fish_curry_('Rui_maach'_in_Bengali).JPG","Chitrangi Fish Fry / Boal Maach"
"sylhet--sylheti-beef-roast","Sylheti Beef Roast","sylhet","shared","1280px-Kichuri_with_egg_and_beef_curry_2.jpg","Thakurgaon Beef Curry"
"sylhet--satkora-chicken","Satkora Chicken","sylhet","unique","1280px-Chicken_roast_seller_at_chawkbazar_iftar_market.jpg",""
"moulvibazar--nilkantha-special-tea","Nilkantha Special Tea","moulvibazar","unique","1280px-Tea_gardens_in_Srimangal.jpg",""
"moulvibazar--tea-with-pitha","Tea with Pitha","moulvibazar","shared","1280px-Egg_Chitoi_Pitha_from_Bangladesh.jpg","Garo Rice Beer Pitha"
"habiganj--habiganj-pitha","Habiganj Pitha","habiganj","unique","1280px-Khejur_pitha_(1_type).jpg",""
"habiganj--haor-fish-fry","Haor Fish Fry","habiganj","shared","1280px-Traditional_fish_curry_(Macher_jhol).jpg","Pabda Jhol"
"sunamganj--haor-shutki","Haor Shutki","sunamganj","shared","1280px-Shutki_maach.jpg","Chaatgaiya Shutki / Shutki Bhuna / Shutki Bhuna (Lakshmipur) / Netrakona Shutki / Shutki Bhorta / Shutki Bhuna (Chattogram)"
"sunamganj--sunamganj-pitha","Sunamganj Pitha","sunamganj","unique","1280px-Jhinuk_pitha_03.jpg",""
"rajshahi--rajshahi-roshmalai","Rajshahi Roshmalai","rajshahi","missing","",""
"rajshahi--silk-city-mango-shake","Silk City Mango Shake","rajshahi","unique","1280px-Mango_Bangladesh_2.jpg",""
"natore--natore-roshgolla","Natore Roshgolla","natore","unique","1280px-Sandesh.JPG",""
"natore--natore-doi","Natore Doi","natore","unique","1280px-Doi_Chingri_Bangladesh.jpg",""
"chapai-nawabganj--fazli-mango","Fazli Mango","chapai-nawabganj","unique","1280px-Mango_Bangladesh_3.jpg",""
"chapai-nawabganj--mango-pickle-aam-achar","Mango Pickle (Aam Achar)","chapai-nawabganj","unique","1280px-Mango_Bangladesh_4.jpg",""
"naogaon--naogaon-mango-himsagar","Naogaon Mango (Himsagar)","naogaon","unique","1280px-Mango_Bangladesh_5.jpg",""
"pabna--pabna-chhana-mishti","Pabna Chhana Mishti","pabna","unique","1280px-Sandesh_3.jpg",""
"bogura--bogura-kachagolla","Bogura Kachagolla","bogura","unique","1280px-Sandesh_2.JPG",""
"joypurhat--joypurhat-mishti-doi","Joypurhat Mishti Doi","joypurhat","unique","1280px-Food-Mishti-Doi.jpg",""
"sirajganj--sirajganj-ilish","Sirajganj Ilish","sirajganj","unique","1280px-Nona_ilish_vorta.jpg",""
"sirajganj--doi-sirajganj","Doi (Sirajganj)","sirajganj","unique","1280px-Sorar_Doi_from_Bogra_Bangladesh.jpg",""
"khulna--khulna-chui-jhal-beef","Khulna Chui Jhal Beef","khulna","shared","1280px-Beef_Rezala_at_restaurant_South_Asian_Street_Food.jpg","Lalmonirhat Beef Bhuna"
"khulna--koi-fish-curry-khulna","Koi Fish Curry (Khulna)","khulna","unique","1280px-Fish_eggs_fry_01.jpg",""
"bagerhat--bagerhat-mud-crab","Bagerhat Mud Crab","bagerhat","unique","1280px-Fried_fishes,_cox's_bazar_.jpg",""
"bagerhat--sundarbans-honey","Sundarbans Honey","bagerhat","missing","",""
"satkhira--chingri-bhorta","Chingri Bhorta","satkhira","shared","1280px-Kochupata_Chingri_Bhape.jpg","Barishal Chingri Bhorta"
"satkhira--satkhira-prawn-fry","Satkhira Prawn Fry","satkhira","unique","1280px-Homemade_prawn_dish.jpg",""
"jashore--jashore-khejur-gur","Jashore Khejur Gur","jashore","unique","1280px-Traditional_way_of_making_Khejur_Gur_(date_palm_jaggery)_at_Gangasagar_02.jpg",""
"jashore--jessore-pitha","Jessore Pitha","jashore","unique","1280px-Nokshi_pitha_(type_B)_03.jpg",""
"jhenaidah--jhenaidah-pitha","Jhenaidah Pitha","jhenaidah","unique","1280px-Patisapta_pitha_02.jpg",""
"jhenaidah--patali-gur-payesh","Patali Gur Payesh","jhenaidah","shared","1280px-Payesh.jpg","Khejur Gurer Payesh / Payesh / Meherpur Payesh / Lalmonirhat Payesh"
"magura--magura-khejur-rosh","Magura Khejur Rosh","magura","unique","1280px-Traditional_way_of_making_Khejur_Gur_(date_palm_jaggery)_at_Gangasagar_01.jpg",""
"narail--narail-fish-curry","Narail Fish Curry","narail","unique","1280px-Fish_eggs_fry_02.jpg",""
"narail--narail-pitha","Narail Pitha","narail","unique","1280px-Patisapta_pitha_01.jpg",""
"chuadanga--chuadanga-pitha","Chuadanga Pitha","chuadanga","unique","1280px-Patisapta_pitha_07.jpg",""
"chuadanga--chuadanga-mishti","Chuadanga Mishti","chuadanga","unique","1280px-An_ordinary_shop_of_local_sweets_at_'Lalon_Mela'.jpg",""
"kushtia--kushtia-roshogolla","Kushtia Roshogolla","kushtia","unique","1280px-Jalebi_-_Closeup_View_of_Jalebis.JPG",""
"meherpur--meherpur-mango","Meherpur Mango","meherpur","unique","1280px-Mango_Bangladesh_6.jpg",""
"meherpur--meherpur-pitha","Meherpur Pitha","meherpur","unique","1280px-Patisapta_pitha_09.jpg",""
"barishal--barishal-hilsa-bhapa","Barishal Hilsa Bhapa","barishal","unique","1280px-Hilsa_Fish_in_Dhaka-1.jpg",""
"barishal--amra-hog-plum-pickle","Amra (Hog Plum) Pickle","barishal","unique","1280px-Green_oranges_and_hog_plum_(Spondias_mombin)_of_venders_on_Shyamoli_foot_over_bridge,_Dhaka_2025.jpg",""
"bhola--bhola-ilish","Bhola Ilish","bhola","unique","1280px-Ilish_fry.jpg",""
"barguna--barguna-fish-fry","Barguna Fish Fry","barguna","unique","1280px-Three_pieces_of_fried_fish.jpg",""
"barguna--barguna-coconut","Barguna Coconut","barguna","missing","",""
"jhalakathi--jhalakathi-amra","Jhalakathi Amra","jhalakathi","unique","1280px-Bhimruli_Floating_Guava_Market,_Jhalokathi,_Barisal_(2).jpg",""
"patuakhali--kuakata-crab-fry","Kuakata Crab Fry","patuakhali","unique","1280px-Fried_Pomfret.jpg",""
"patuakhali--patuakhali-ilish","Patuakhali Ilish","patuakhali","unique","1280px-Ilish_fry_01.jpg",""
"pirojpur--pirojpur-pitha","Pirojpur Pitha","pirojpur","unique","1280px-Nokshi_pitha_10.jpg",""
"pirojpur--hilsa-pirojpur","Hilsa (Pirojpur)","pirojpur","unique","1280px-Hilsa_Fish_in_Dhaka-3.jpg",""
"rangpur--rangpur-bhuna-khichuri","Rangpur Bhuna Khichuri","rangpur","shared","1280px-Kala_bhuna_1.jpg","Kala Bhuna / Koi Maach Bhuna / Magura Bhuna Khichuri"
"rangpur--rangpur-pitha","Rangpur Pitha","rangpur","unique","1280px-Nokshi_pitha_13.jpg",""
"dinajpur--dinajpur-lychee","Dinajpur Lychee","dinajpur","unique","1280px-Litchis_of_Dinajpur.jpg",""
"dinajpur--kalijira-rice","Kalijira Rice","dinajpur","unique","1280px-Mixed_fried_rice,_sausage_curry_and_chicken_fries.jpg",""
"thakurgaon--thakurgaon-mishti","Thakurgaon Mishti","thakurgaon","unique","1280px-Bangladeshi_Sweet_3.jpg",""
"panchagarh--panchagarh-pitha","Panchagarh Pitha","panchagarh","unique","1280px-Nokshi_pitha_14.jpg",""
"nilphamari--saidpur-chop","Saidpur Chop","nilphamari","unique","1280px-Jhalmuri_seller_at_dhaka.jpg",""
"lalmonirhat--lalmonirhat-khichuri","Lalmonirhat Khichuri","lalmonirhat","unique","1280px-Khichuri_with_begun_vaji_of_bangladesh.jpg",""
"kurigram--kurigram-fish-fry","Kurigram Fish Fry","kurigram","unique","1280px-Three_pieces_of_fried_fish_2.jpg",""
"gaibandha--gaibandha-pitha","Gaibandha Pitha","gaibandha","unique","1280px-Nokshi_pitha_15.jpg",""
"mymensingh--mymensingh-pitha","Mymensingh Pitha","mymensingh","shared","1280px-Chitoi_Pitha.jpg","Feni Chitoi Pitha"
"mymensingh--mymensingh-doi","Mymensingh Doi","mymensingh","shared","1280px-Yoghurt_for_sale.jpg","Jashore Sweet Yoghurt / Netrakona Sweet Yoghurt"
"jamalpur--jamalpur-mishti","Jamalpur Mishti","jamalpur","unique","1280px-Jalebi-red.JPG",""
"netrakona--netrakona-pitha","Netrakona Pitha","netrakona","shared","1280px-Traditional_Pitha_at_Pitha_fest_2024_52.jpg","Naogaon Rice Pitha"
"netrakona--netrakona-shutki","Netrakona Shutki","netrakona","shared","1280px-Shutki_maach.jpg","Chaatgaiya Shutki / Shutki Bhuna / Shutki Bhuna (Lakshmipur) / Haor Shutki / Shutki Bhorta / Shutki Bhuna (Chattogram)"
"sherpur--sherpur-mishti","Sherpur Mishti","sherpur","unique","1280px-Chomchoms.jpg",""
"sherpur--garo-style-pork-curry","Garo-style Pork Curry","sherpur","unique","1280px-Three_pices_of_fried_fish_2.jpg",""
"naogaon--naogaon-mishti-doi","Naogaon Mishti Doi","naogaon","unique","Mishti_Doi.jpg",""
"pabna--pabna-doi","Pabna Doi","pabna","unique","Bengali_Mishti_curd.jpg",""
"joypurhat--joypurhat-khichuri","Joypurhat Khichuri","joypurhat","unique","1280px-Khichuri_of_Bangladesh.jpg",""
"magura--magura-doi","Magura Doi","magura","shared","1280px-Bhapa_Doi.JPG","Hatiya Buffalo Doi"
"kushtia--kushtia-padma-fish-fry","Kushtia Padma Fish Fry","kushtia","shared","1280px-Hilsha_fish_fry_and_eggplant_fry_from_Mawa_ghat_beside_Padma_river_in_Bangladesh.jpg","River Fish Curry / Padma Fish Fry / Fresh River Fish Curry / Jamuna River Fish / Padma Fish Fry"
"bhola--bhola-pitha","Bhola Pitha","bhola","shared","1280px-Traditional_Pitha_at_Pitha_fest_2024_51.jpg","Joypurhat Rice Pitha"
"jhalakathi--jhalakathi-ilish","Jhalakathi Ilish","jhalakathi","shared","1280px-Hilsa_Ilisha_Fry.jpg","Mustard Hilsa (Shorshe Ilish)"
"thakurgaon--thakurgaon-pitha","Thakurgaon Pitha","thakurgaon","shared","1280px-Traditional_Pitha_at_Pitha_fest_2024_54.jpg","Magura Pitha"
"panchagarh--panchagarh-mishti","Panchagarh Mishti","panchagarh","unique","1280px-Typical_Bangladeshi_sweets.jpg",""
"nilphamari--nilphamari-mishti","Nilphamari Mishti","nilphamari","unique","1280px-Jalebi_image.jpg",""
"lalmonirhat--lalmonirhat-pitha","Lalmonirhat Pitha","lalmonirhat","shared","1280px-Traditional_Pitha_at_Pitha_fest_2024_56.jpg","Nilphamari Pitha"
"kurigram--kurigram-mishti","Kurigram Mishti","kurigram","unique","1280px-Bangladeshi_Sweet_Chomchom_2015.jpg",""
"gaibandha--gaibandha-mishti","Gaibandha Mishti","gaibandha","unique","1280px-Bangladeshi_Sweet_Hafsi_Shondesh_2015.jpg",""
"jamalpur--jamalpur-fish-curry","Jamalpur Fish Curry","jamalpur","unique","1280px-Catla_Fish_Kolhapuri_with_other_Bengali_dishes_served_on_a_banana_leaf.jpg",""
"dhaka--haleem","Haleem","dhaka","unique","1280px-Moroccan_Ambassador_to_Bangladesh_Majid_Haleem_meets_Speaker_Dr_Shirin_Sharmin_Chaudhury_in_Dhaka_2017-07-02_(PID-0048628).jpg",""
"dhaka--mughlai-paratha","Mughlai Paratha","dhaka","unique","1280px-Paratha_at_chawkbazar_iftar_market.jpg",""
"dhaka--shahi-tukra","Shahi Tukra","dhaka","unique","1280px-Shahi_Tukra.jpg",""
"gazipur--beef-tehari","Beef Tehari","gazipur","unique","1280px-Tehari_02.jpg",""
"gazipur--kheer","Kheer","gazipur","unique","1280px-Kheer_with_rose.JPG",""
"narayanganj--shutki-bhorta","Shutki Bhorta","narayanganj","shared","1280px-Shutki_maach.jpg","Chaatgaiya Shutki / Shutki Bhuna / Shutki Bhuna (Lakshmipur) / Haor Shutki / Netrakona Shutki / Shutki Bhuna (Chattogram)"
"narayanganj--beef-rezala","Beef Rezala","narayanganj","shared","1280px-Beef_curry_in_Bangladesh_.jpg","Kurigram Beef Curry"
"narsingdi--chicken-roast","Chicken Roast","narsingdi","unique","1280px-Chicken_roast_seller_at_chawkbazar_iftar_market_2.jpg",""
"narsingdi--muri-bhuna","Muri Bhuna","narsingdi","shared","1280px-Kala_bhuna_2.jpg","Koi Fish Bhuna / Fish Bhuna"
"manikganj--rui-kalia","Rui Kalia","manikganj","unique","1280px-Fish_curry_with_beans_and_potatoes_cooked_in_clay_oven._Bangladesh.jpg",""
"manikganj--jhalmuri","Jhalmuri","manikganj","unique","1280px-Jhalmuri_seller_on_the_street_01.jpg",""
"munshiganj--ilish-pulao","Ilish Pulao","munshiganj","shared","1280px-Hilsa_Ilisha_Fish.jpg","Meghna Hilsa"
"munshiganj--chingri-malaikari","Chingri Malaikari","munshiganj","shared","1280px-Chingri_Malaikari.jpg","Bhola Chingri Curry"
"tangail--tangail-roshogolla","Tangail Roshogolla","tangail","unique","1280px-Jalebi_in_Tangail_02.jpg",""
"tangail--mutton-rezala","Mutton Rezala","tangail","unique","1280px-Mutton_curry_in_a_table.jpg",""
"kishoreganj--boal-fish-curry","Boal Fish Curry","kishoreganj","unique","1280px-Rohu_fish_curry.jpg",""
"kishoreganj--dhonia-pata-bhorta","Dhonia Pata Bhorta","kishoreganj","unique","1280px-Homemade_tomato_bhorta_from_Bangladesh.jpg",""
"faridpur--koi-maach-bhuna","Koi Maach Bhuna","faridpur","shared","1280px-Kala_bhuna_1.jpg","Kala Bhuna / Rangpur Bhuna Khichuri / Magura Bhuna Khichuri"
"faridpur--narkel-pitha","Narkel Pitha","faridpur","shared","1280px-Traditional_Pitha_seller_at_Pitha_fest_2024_57.jpg","Kurigram Pitha"
"gopalganj--rui-jhol","Rui Jhol","gopalganj","shared","1280px-Traditional_fish_curry_(Macher_Jhol).jpg","Rui Fish Jhol"
"gopalganj--payesh","Payesh","gopalganj","shared","1280px-Payesh.jpg","Khejur Gurer Payesh / Patali Gur Payesh / Meherpur Payesh / Lalmonirhat Payesh"
"madaripur--pabda-maach","Pabda Maach","madaripur","unique","1280px-Pabdar_hara-gouri.JPG",""
"madaripur--ilish-pulao-madaripur","Ilish Pulao (Madaripur)","madaripur","shared","1280px-Shoshe_Ilish.jpeg","Fried Hilsa (Ilish Bhaja)"
"rajbari--kheer-rajbari","Kheer (Rajbari)","rajbari","unique","1280px-Pomegranate_Kheer_.JPG",""
"rajbari--pabda-jhol","Pabda Jhol","rajbari","shared","1280px-Traditional_fish_curry_(Macher_jhol).jpg","Haor Fish Fry"
"shariatpur--chingri-bhuna","Chingri Bhuna","shariatpur","unique","1280px-Prawn(chingri)_malai_curry.jpg",""
"shariatpur--bhapa-pitha-shariatpur","Bhapa Pitha (Shariatpur)","shariatpur","shared","1280px-Traditional_Pitha_at_Pitha_fest_2024_93.jpg","Jamalpur Pitha"
"chattogram--chattogram-faluda","Chattogram Faluda","chattogram","unique","1280px-Mejban_Traditional_food_-_Chattogram,_Bangladesh.jpg",""
"chattogram--shutki-bhuna-chattogram","Shutki Bhuna (Chattogram)","chattogram","shared","1280px-Shutki_maach.jpg","Chaatgaiya Shutki / Shutki Bhuna / Shutki Bhuna (Lakshmipur) / Haor Shutki / Netrakona Shutki / Shutki Bhorta"
"chattogram--mezbani-mutton","Mezbani Mutton","chattogram","unique","1280px-Mezbani_meal_from_a_famous_restaurant_in_Chittagong_Bangladesh.jpg",""
"coxs-bazar--lobster-grill","Lobster Grill","coxs-bazar","unique","1280px-Fish_Curry_Rice_Thali_(27574164933).jpg",""
"coxs-bazar--fried-prawn","Fried Prawn","coxs-bazar","unique","1280px-Prawn_Malai_Curry.jpg",""
"bandarban--hill-fish-curry","Hill Fish Curry","bandarban","unique","1280px-Tribal_food_06.jpg",""
"bandarban--hill-banana-pitha","Hill Banana Pitha","bandarban","shared","1280px-Traditional_Pitha_at_Pitha_fest_2024_94.jpg","Sherpur Pitha"
"rangamati--kaptai-prawn-curry","Kaptai Prawn Curry","rangamati","unique","1280px-Bengal_Delicacy_Mishti_Sweet_Polau_with_Prawn_Malai_Curry.jpg",""
"rangamati--hill-bamboo-rice-cake","Hill Bamboo Rice Cake","rangamati","unique","1280px-BambooChicken.jpg",""
"khagrachhari--hill-fish-roast","Hill Fish Roast","khagrachhari","unique","1280px-Tribal_food_07.jpg",""
"khagrachhari--sticky-rice-pitha","Sticky Rice Pitha","khagrachhari","shared","1280px-Traditional_Pitha_at_Pitha_fest_2024_96.jpg","Bhapa Pitha"
"feni--beef-bhuna-feni","Beef Bhuna (Feni)","feni","shared","1280px-Beef_Curry_in_Bangladesh.jpg","Gaibandha Beef Bhuna"
"feni--khichuri-feni","Khichuri (Feni)","feni","unique","1280px-Khichuri_&_Dimer_jhol_from_Bangladesh.jpg",""
"noakhali--coconut-naru","Coconut Naru","noakhali","unique","1280px-Amritakumbha_or_Kalas_Sandesh.jpg",""
"noakhali--chingri-bhorta","Chingri Bhorta","noakhali","unique","1280px-Chingri_Macher_Malai_Curry.jpg",""
"lakshmipur--hilsa-paturi-lakshmipur","Hilsa Paturi (Lakshmipur)","lakshmipur","unique","1280px-Hilsa_Fish_in_Dhaka-5.jpg",""
"lakshmipur--pitha-lakshmipur","Pitha (Lakshmipur)","lakshmipur","shared","1280px-Bhapa_pitha_seller_at_dhaka_4.jpg","Patishapta"
"chandpur--ilish-pulao-chandpur","Ilish Pulao (Chandpur)","chandpur","shared","1280px-Sorse_posto_ilish_mach-MB05.jpg","Ilish Bhapa"
"chandpur--shorshe-ilish-chandpur","Shorshe Ilish (Chandpur)","chandpur","shared","1280px-Kumro_Patay_Ilish_Vapa.jpg","Bhapa Ilish (Madaripur)"
"cumilla--cumilla-matri-bhandar-sandesh","Cumilla Matri Bhandar Sandesh","cumilla","unique","1280px-Nolen_Gur's_Sandesh.jpg",""
"cumilla--cumilla-khichuri","Cumilla Khichuri","cumilla","unique","1280px-খিচুড়ি_(Khichuri)-MA18.jpg",""
"brahmanbaria--brahmanbaria-mishti","Brahmanbaria Mishti","brahmanbaria","unique","1280px-Jalebi_in_Tangail_01.jpg",""
"brahmanbaria--fish-bhuna","Fish Bhuna","brahmanbaria","shared","1280px-Kala_bhuna_2.jpg","Koi Fish Bhuna / Muri Bhuna"
"sylhet--sylheti-hatkora-beef","Sylheti Hatkora Beef","sylhet","shared","1280px-Spicy_beef_curry_in_Bangladesh_.jpg","Jamalpur Beef Curry"
"sylhet--shidol-bhorta","Shidol Bhorta","sylhet","unique","1280px-Homemade_Pumpkin_bhorta_from_Bangladesh.jpg",""
"moulvibazar--pineapple-juice-srimangal","Pineapple Juice (Srimangal)","moulvibazar","unique","1280px-Pineapple_of_Modhupur_557.jpg",""
"moulvibazar--tea-garden-lunch","Tea Garden Lunch","moulvibazar","unique","1280px-Khasia_Polli_Tea_Garden,_Sylhet.jpg",""
"habiganj--habiganj-beef-curry","Habiganj Beef Curry","habiganj","unique","1280px-Bangladeshi_Beef_curry.jpg",""
"habiganj--habiganj-tea","Habiganj Tea","habiganj","unique","1280px-Red_Tea.jpg",""
"sunamganj--boal-maach","Boal Maach","sunamganj","shared","1280px-Rohu_fish_curry_('Rui_maach'_in_Bengali).JPG","Chitrangi Fish Fry / Shorshe Maach"
"sunamganj--haor-duck-curry","Haor Duck Curry","sunamganj","unique","1280px-Duck_egg_curry.jpg",""
"rajshahi--rajshahi-kalo-jam","Rajshahi Kalo Jam","rajshahi","unique","1280px-Kalojam_-_Bangladeshi_Sweets_from_Banoful.jpg",""
"rajshahi--mango-pulp-aam-shotto","Mango Pulp (Aam Shotto)","rajshahi","shared","1280px-Jalebi_03.jpg","Sonargaon Mishti"
"natore--natore-chomchom","Natore Chomchom","natore","shared","1280px-Chomchom_01.jpg","Porabari Chomchom"
"natore--rice-pitha-natore","Rice Pitha (Natore)","natore","shared","1280px-Bhapa_pitha_seller_at_dhaka_5.jpg","Chitoi Pitha"
"chapai-nawabganj--mango-shake","Mango Shake","chapai-nawabganj","unique","1280px-Mango_Bangladesh_7.jpg",""
"chapai-nawabganj--fazli-mango-dessert","Fazli Mango Dessert","chapai-nawabganj","unique","1280px-Mango_Bangladesh_8.jpg",""
"naogaon--naogaon-rice-kheer","Naogaon Rice Kheer","naogaon","unique","1280px-Rice_Kheer_or_Rice_Pudding.JPG",""
"naogaon--naogaon-khichuri","Naogaon Khichuri","naogaon","unique","1280px-Bhuna_Khichuri_with_Chicken,_Vegetables,_Chili,_and_Lemon.jpg",""
"pabna--pabna-beef-bhuna","Pabna Beef Bhuna","pabna","unique","পরোটা,_গরুর_কালা_ভুলা_।_Paratha,_Beef_Dry_Curry_(14849056405).jpg",""
"pabna--padma-fish-fry","Padma Fish Fry","pabna","shared","1280px-Hilsha_fish_fry_and_eggplant_fry_from_Mawa_ghat_beside_Padma_river_in_Bangladesh.jpg","River Fish Curry / Fresh River Fish Curry / Jamuna River Fish / Kushtia Padma Fish Fry"
"bogura--bogura-kheer","Bogura Kheer","bogura","unique","1280px-Kheer_Benazir,_Karim's_(01).jpg",""
"bogura--bogura-roshomalai","Bogura Roshomalai","bogura","shared","1280px-Kheer_Toast_-_Bangladeshi_Sweets_from_Banoful.jpg","Gopalganj Chhana Mishti"
"joypurhat--joypurhat-kheer","Joypurhat Kheer","joypurhat","unique","1280px-Kheer_from_Italy.JPG",""
"joypurhat--beef-bhuna-joypurhat","Beef Bhuna (Joypurhat)","joypurhat","shared","1280px-Bengali_Beef_curry.jpg","Mezbani Beef"
"sirajganj--sirajganj-mishti","Sirajganj Mishti","sirajganj","shared","1280px-Jelly_Pera_-_Bangladeshi_Sweets_from_Banoful.jpg","Khadi Fabric & Sweets"
"sirajganj--jamuna-fish-curry","Jamuna Fish Curry","sirajganj","unique","1280px-Fish_And_Rice.jpg",""
"khulna--golda-chingri-malaikari","Golda Chingri Malaikari","khulna","unique","Chingri_macher_Malaicurry.jpeg",""
"khulna--bhetki-paturi","Bhetki Paturi","khulna","missing","",""
"bagerhat--golda-chingri-bhuna","Golda Chingri Bhuna","bagerhat","unique","Chingri_Malai_Curry.jpg",""
"bagerhat--bagerhat-pitha","Bagerhat Pitha","bagerhat","shared","1280px-Bhapa_pitha_seller_at_dhaka_7.jpg","Patishapta (Gopalganj)"
"satkhira--satkhira-crab-masala","Satkhira Crab Masala","satkhira","unique","1280px-Black_pomfret_fish.jpg",""
"satkhira--prawn-pulao","Prawn Pulao","satkhira","unique","1280px-Chicken_Biryani_–_Bangla_Wikipedia_edit-a-thon_at_Bishwo_Shahitto_Kendro,_June_2022.jpg",""
"jashore--jashore-bhapa-pitha","Jashore Bhapa Pitha","jashore","shared","1280px-Bhapa_pitha_seller_at_dhaka_8.jpg","Chitoi Pitha (Madaripur)"
"jashore--jashore-sweet-yoghurt","Jashore Sweet Yoghurt","jashore","shared","1280px-Yoghurt_for_sale.jpg","Mymensingh Doi / Netrakona Sweet Yoghurt"
"jhenaidah--jhenaidah-chitoi-pitha","Jhenaidah Chitoi Pitha","jhenaidah","shared","1280px-Bhapa_pitha_seller_at_dhaka_12.jpg","Chitoi Pitha (Chattogram)"
"jhenaidah--jhenaidah-fish-curry","Jhenaidah Fish Curry","jhenaidah","unique","1280px-Sarse_Koi.jpg",""
"magura--magura-bhuna-khichuri","Magura Bhuna Khichuri","magura","shared","1280px-Kala_bhuna_1.jpg","Kala Bhuna / Rangpur Bhuna Khichuri / Koi Maach Bhuna"
"magura--date-jaggery-pitha","Date Jaggery Pitha","magura","shared","1280px-Bhapa_pitha_seller_at_dhaka_13.jpg","Pitha in Banana Leaf"
"narail--narail-chhana-sweet-roshogolla","Narail Chhana Sweet (Roshogolla)","narail","shared","1280px-Monsur_-_Bangladeshi_Sweets_from_Banoful.jpg","Natore Kacha Golla"
"narail--narail-fish-fry","Narail Fish Fry","narail","unique","1280px-Bagda_fish_curry.jpg",""
"chuadanga--chuadanga-beef-bhuna","Chuadanga Beef Bhuna","chuadanga","shared","1280px-Bengali_home_made_beef_curry_and_rice_flour_roti.jpg","Shatkora Beef"
"chuadanga--chuadanga-khichuri","Chuadanga Khichuri","chuadanga","unique","1280px-Khichuri_with_egg_fry.jpg",""
"kushtia--kushtia-lassi","Kushtia Lassi","kushtia","shared","1280px-Famous_Curd_of_Bogra_Bangladesh.jpg","Bhola Buffalo Milk Doi"
"kushtia--kushtia-beef-tehari","Kushtia Beef Tehari","kushtia","unique","1280px-Tehari.jpg",""
"meherpur--meherpur-beef-curry","Meherpur Beef Curry","meherpur","shared","1280px-Kichuri_with_egg_and_beef_curry.jpg","Rangpur Shatkora Beef"
"meherpur--meherpur-payesh","Meherpur Payesh","meherpur","shared","1280px-Payesh.jpg","Khejur Gurer Payesh / Patali Gur Payesh / Payesh / Lalmonirhat Payesh"
"barishal--barishal-chingri-bhorta","Barishal Chingri Bhorta","barishal","shared","1280px-Kochupata_Chingri_Bhape.jpg","Chingri Bhorta"
"barishal--barishal-kheer","Barishal Kheer","barishal","unique","1280px-Kheer_r_bemisal.jpg",""
"bhola--bhola-chingri-curry","Bhola Chingri Curry","bhola","shared","1280px-Chingri_Malaikari.jpg","Chingri Malaikari"
"bhola--buffalo-milk-kheer","Buffalo Milk Kheer","bhola","unique","1280px-Shevayachi_kheer_-_02.JPG",""
"barguna--barguna-crab-curry","Barguna Crab Curry","barguna","unique","1280px-Pomfret_Fry.jpg",""
"barguna--barguna-ilish","Barguna Ilish","barguna","shared","1280px-Kacha_moriche_Ilish_vaja.jpg","Ilish Bhapa (Rajbari)"
"jhalakathi--guava-chutney","Guava Chutney","jhalakathi","unique","1280px-Bhimruli_Floating_Guava_Market,_Jhalokathi,_Barisal.jpg",""
"jhalakathi--jhalakathi-pitha","Jhalakathi Pitha","jhalakathi","shared","1280px-Nakshi_Pitha_and_Murir_Moa.jpg","Patishapta (Feni)"
"patuakhali--patuakhali-rupchanda","Patuakhali Rupchanda","patuakhali","unique","1280px-A_fried_fish,_cox's_bazar.jpg",""
"patuakhali--mohipur-dried-fish","Mohipur Dried Fish","patuakhali","unique","1280px-Dried_fish_at_Cox's_Bazar.jpg",""
"pirojpur--pirojpur-amra","Pirojpur Amra","pirojpur","unique","1280px-Hog_plum_(আমড়া).jpg",""
"pirojpur--pirojpur-ilish-bhaja","Pirojpur Ilish Bhaja","pirojpur","shared","1280px-Ilish_Bhapa.jpg","Shorshe Ilish (Shariatpur)"
"rangpur--rangpur-kheer","Rangpur Kheer","rangpur","unique","1280px-Kheer.jpg",""
"rangpur--rangpur-beef-bhuna","Rangpur Beef Bhuna","rangpur","shared","1280px-Beef_curry_with_potato.jpg","Katarivog Rice & Beef"
"dinajpur--katarivog-pulao","Katarivog Pulao","dinajpur","unique","1280px-Chicken_Biryani_–_Bangla_Wikipedia_edit-a-thon_at_Bishwo_Shahitto_Kendro,_June_2022_(3).jpg",""
"dinajpur--dinajpur-bhapa-pitha","Dinajpur Bhapa Pitha","dinajpur","shared","1280px-Chitoi_Pitha_with_Vorta_(_চিতই_পিঠা_).jpg","Narkel Pitha"
"thakurgaon--thakurgaon-beef-curry","Thakurgaon Beef Curry","thakurgaon","shared","1280px-Kichuri_with_egg_and_beef_curry_2.jpg","Sylheti Beef Roast"
"thakurgaon--thakurgaon-kheer","Thakurgaon Kheer","thakurgaon","unique","1280px-Food-Chandana-Kheer.jpg",""
"panchagarh--panchagarh-khichuri","Panchagarh Khichuri","panchagarh","unique","1280px-Vuna_khichuri.jpg",""
"panchagarh--tea-with-bakarkhani","Tea with Bakarkhani","panchagarh","unique","1280px-Red_Tea_-_White_Cup.jpg",""
"nilphamari--saidpur-beef-tehari","Saidpur Beef Tehari","nilphamari","unique","1280px-Tehari_(2).jpg",""
"nilphamari--nilphamari-kheer","Nilphamari Kheer","nilphamari","unique","1280px-Kheer_Special.JPG",""
"lalmonirhat--lalmonirhat-beef-bhuna","Lalmonirhat Beef Bhuna","lalmonirhat","shared","1280px-Beef_Rezala_at_restaurant_South_Asian_Street_Food.jpg","Khulna Chui Jhal Beef"
"lalmonirhat--lalmonirhat-payesh","Lalmonirhat Payesh","lalmonirhat","shared","1280px-Payesh.jpg","Khejur Gurer Payesh / Patali Gur Payesh / Payesh / Meherpur Payesh"
"kurigram--kurigram-khichuri","Kurigram Khichuri","kurigram","unique","1280px-Khichuri_with_beef_cucumber_eggplant_fry_&_lemon_from_Bangladesh.jpg",""
"kurigram--kurigram-beef-curry","Kurigram Beef Curry","kurigram","shared","1280px-Beef_curry_in_Bangladesh_.jpg","Beef Rezala"
"gaibandha--gaibandha-khichuri","Gaibandha Khichuri","gaibandha","unique","1280px-Khichuri_-_Bhog.jpg",""
"gaibandha--gaibandha-beef-bhuna","Gaibandha Beef Bhuna","gaibandha","shared","1280px-Beef_Curry_in_Bangladesh.jpg","Beef Bhuna (Feni)"
"mymensingh--mymensingh-beef-tehari","Mymensingh Beef Tehari","mymensingh","unique","1280px-Bangladeshi_Home-made_Beef_Biryani.jpg",""
"mymensingh--mymensingh-kheer","Mymensingh Kheer","mymensingh","unique","1280px-Raisin_Sprinkled_Noodle_Kheer.jpg",""
"jamalpur--jamalpur-pitha-bhapa","Jamalpur Pitha (Bhapa)","jamalpur","shared","1280px-Bhapa_Pitha_ভাপা_পিঠা.jpg","Nakshi Pitha"
"jamalpur--jamalpur-beef-curry","Jamalpur Beef Curry","jamalpur","shared","1280px-Spicy_beef_curry_in_Bangladesh_.jpg","Sylheti Hatkora Beef"
"netrakona--netrakona-haor-duck","Netrakona Haor Duck","netrakona","unique","1280px-Duck_meat_curry.jpg",""
"netrakona--netrakona-sweet-yoghurt","Netrakona Sweet Yoghurt","netrakona","shared","1280px-Yoghurt_for_sale.jpg","Mymensingh Doi / Jashore Sweet Yoghurt"
"sherpur--sherpur-khichuri","Sherpur Khichuri","sherpur","unique","1280px-DU_IER_Canteen_Khichuri.jpg",""
"sherpur--garo-rice-beer-pitha","Garo Rice Beer Pitha","sherpur","shared","1280px-Egg_Chitoi_Pitha_from_Bangladesh.jpg","Tea with Pitha"
