name,district,id,save_as,what_to_look_for
Ilish Bhapa (Rajbari),Rajbari,rajbari--ilish-bhapa-rajbari,public/foods/rajbari--ilish-bhapa-rajbari.jpg,Ilish Bhapa Bangladesh
Mustard Hilsa (Shorshe Ilish),Madaripur,madaripur--mustard-hilsa-shorshe-ilish,public/foods/madaripur--mustard-hilsa-shorshe-ilish.jpg,Mustard Hilsa Bangladesh
Koi Fish Bhuna,Gopalganj,gopalganj--koi-fish-bhuna,public/foods/gopalganj--koi-fish-bhuna.jpg,Koi Fish Bhuna Bangladesh
Date-Palm Jaggery (Khejur Gur),Faridpur,faridpur--date-palm-jaggery-khejur-gur,public/foods/faridpur--date-palm-jaggery-khejur-gur.jpg,Date-Palm Jaggery Bangladesh
Haor Fish Curry,Kishoreganj,kishoreganj--haor-fish-curry,public/foods/kishoreganj--haor-fish-curry.jpg,Haor Fish Curry Bangladesh
Ilish Pulao,Munshiganj,munshiganj--ilish-pulao,public/foods/munshiganj--ilish-pulao.jpg,Ilish Pulao Bangladesh
Pabda Fish Curry,Manikganj,manikganj--pabda-fish-curry,public/foods/manikganj--pabda-fish-curry.jpg,Pabda Fish Curry Bangladesh
Mishti Doi,Narsingdi,narsingdi--mishti-doi,public/foods/narsingdi--mishti-doi.jpg,Mishti Doi Bangladesh
Fried Hilsa (Ilish Bhaja),Narayanganj,narayanganj--fried-hilsa-ilish-bhaja,public/foods/narayanganj--fried-hilsa-ilish-bhaja.jpg,Fried Hilsa Bangladesh
Beef Tehari,Gazipur,gazipur--beef-tehari,public/foods/gazipur--beef-tehari.jpg,Beef Tehari Bangladesh
Haji Biryani,Dhaka,dhaka--haji-biryani,public/foods/dhaka--haji-biryani.jpg,Haji Biryani Bangladesh
Hatiya Buffalo Doi,Noakhali,noakhali--hatiya-buffalo-doi,public/foods/noakhali--hatiya-buffalo-doi.jpg,Hatiya Buffalo Doi Bangladesh
Hilsa Paturi (Lakshmipur),Lakshmipur,lakshmipur--hilsa-paturi-lakshmipur,public/foods/lakshmipur--hilsa-paturi-lakshmipur.jpg,Hilsa Paturi Bangladesh
Fresh River Fish Curry,Brahmanbaria,brahmanbaria--fresh-river-fish-curry,public/foods/brahmanbaria--fresh-river-fish-curry.jpg,Fresh River Fish Curry Bangladesh
Shatkora Beef,Sylhet,sylhet--shatkora-beef,public/foods/sylhet--shatkora-beef.jpg,Shatkora Beef Bangladesh
Habiganj Shatkora Curry,Habiganj,habiganj--habiganj-shatkora-curry,public/foods/habiganj--habiganj-shatkora-curry.jpg,Habiganj Shatkora Curry Bangladesh
Haor Fish,Sunamganj,sunamganj--haor-fish,public/foods/sunamganj--haor-fish.jpg,Haor Fish Bangladesh
Himsagar Mango,Rajshahi,rajshahi--himsagar-mango,public/foods/rajshahi--himsagar-mango.jpg,Himsagar Mango Bangladesh
Natore Kacha Golla,Natore,natore--natore-kacha-golla,public/foods/natore--natore-kacha-golla.jpg,Natore Kacha Golla Bangladesh
Langra Mango,Chapai Nawabganj,chapai-nawabganj--langra-mango,public/foods/chapai-nawabganj--langra-mango.jpg,Langra Mango Bangladesh
Naogaon Mango (Himsagar),Naogaon,naogaon--naogaon-mango-himsagar,public/foods/naogaon--naogaon-mango-himsagar.jpg,Naogaon Mango Bangladesh
Pabna Ghee,Pabna,pabna--pabna-ghee,public/foods/pabna--pabna-ghee.jpg,Pabna Ghee Bangladesh
Sirajganj Ilish,Sirajganj,sirajganj--sirajganj-ilish,public/foods/sirajganj--sirajganj-ilish.jpg,Sirajganj Ilish Bangladesh
Golda Chingri Malaikari,Khulna,khulna--golda-chingri-malaikari,public/foods/khulna--golda-chingri-malaikari.jpg,Golda Chingri Malaikari Bangladesh
Sundarbans Honey,Bagerhat,bagerhat--sundarbans-honey,public/foods/bagerhat--sundarbans-honey.jpg,Sundarbans Honey Bangladesh
Bagda Prawn Malaikari,Satkhira,satkhira--bagda-prawn-malaikari,public/foods/satkhira--bagda-prawn-malaikari.jpg,Bagda Prawn Malaikari Bangladesh
Khejur Gur,Jhenaidah,jhenaidah--khejur-gur,public/foods/jhenaidah--khejur-gur.jpg,Khejur Gur Bangladesh
Narail Chhana Sweet (Roshogolla),Narail,narail--narail-chhana-sweet-roshogolla,public/foods/narail--narail-chhana-sweet-roshogolla.jpg,Narail Chhana Sweet Bangladesh
Chuadanga Rice Snacks,Chuadanga,chuadanga--chuadanga-rice-snacks,public/foods/chuadanga--chuadanga-rice-snacks.jpg,Chuadanga Rice Snacks Bangladesh
Kushtia Tilkuta,Kushtia,kushtia--kushtia-tilkuta,public/foods/kushtia--kushtia-tilkuta.jpg,Kushtia Tilkuta Bangladesh
Meherpur Mango,Meherpur,meherpur--meherpur-mango,public/foods/meherpur--meherpur-mango.jpg,Meherpur Mango Bangladesh
Hilsa with Panta Bhat,Barishal,barishal--hilsa-with-panta-bhat,public/foods/barishal--hilsa-with-panta-bhat.jpg,Hilsa with Panta Bhat Bangladesh
Bhola Ilish,Bhola,bhola--bhola-ilish,public/foods/bhola--bhola-ilish.jpg,Bhola Ilish Bangladesh
Barguna Ilish,Barguna,barguna--barguna-ilish,public/foods/barguna--barguna-ilish.jpg,Barguna Ilish Bangladesh
Jhalakathi Guava,Jhalakathi,jhalakathi--jhalakathi-guava,public/foods/jhalakathi--jhalakathi-guava.jpg,Jhalakathi Guava Bangladesh
Kuakata Seafood,Patuakhali,patuakhali--kuakata-seafood,public/foods/patuakhali--kuakata-seafood.jpg,Kuakata Seafood Bangladesh
Rangpur Bhuna Khichuri,Rangpur,rangpur--rangpur-bhuna-khichuri,public/foods/rangpur--rangpur-bhuna-khichuri.jpg,Rangpur Bhuna Khichuri Bangladesh
Katarivog Rice & Beef,Dinajpur,dinajpur--katarivog-rice-beef,public/foods/dinajpur--katarivog-rice-beef.jpg,Katarivog Rice & Beef Bangladesh
Saidpur Beef Tehari,Nilphamari,nilphamari--saidpur-beef-tehari,public/foods/nilphamari--saidpur-beef-tehari.jpg,Saidpur Beef Tehari Bangladesh
Lalmonirhat Fish Curry,Lalmonirhat,lalmonirhat--lalmonirhat-fish-curry,public/foods/lalmonirhat--lalmonirhat-fish-curry.jpg,Lalmonirhat Fish Curry Bangladesh
Kurigram Pitha,Kurigram,kurigram--kurigram-pitha,public/foods/kurigram--kurigram-pitha.jpg,Kurigram Pitha Bangladesh
Gaibandha Fish Curry,Gaibandha,gaibandha--gaibandha-fish-curry,public/foods/gaibandha--gaibandha-fish-curry.jpg,Gaibandha Fish Curry Bangladesh
Netrakona Haor Fish,Netrakona,netrakona--netrakona-haor-fish,public/foods/netrakona--netrakona-haor-fish.jpg,Netrakona Haor Fish Bangladesh
Garo-style Pork Curry,Sherpur,sherpur--garo-style-pork-curry,public/foods/sherpur--garo-style-pork-curry.jpg,Garo-style Pork Curry Bangladesh
